Text,Code
O nome do meu segundo mandato será desenvolvimento.,416
Desenvolvimento com distribuição de renda,503
e educação de qualidade.,506
"Em outubro de 2002 o povo brasileiro elegeu Lula para presidir um país corroído por profundas contradições econômicas, sociais e políticas que deixaram um legado de desigualdade, autoritarismo e dependência externa.",503
"Lula passou a governar uma das nações mais desiguais do mundo, cuja tragédia social se expressava nas dezenas de milhões de homens, mulheres e crianças vivendo abaixo da linha de pobreza, submetidos a todas as formas de insegurança e violência.",503
O Governo Lula recebeu uma dupla herança negativa.,0
"Conjunturalmente, em 2002, o país sofria os efeitos das políticas implementadas pela coligação PSDB-PFL, que frearam o crescimento,",410
"concentraram renda e riqueza,",503
"debilitaram o Estado,",305
"generalizaram a corrupção,",304
"afetaram o equilíbrio regional,",107
"fragilizaram a segurança energética,",408
comprometeram a soberania nacional,107
e deixaram o país à beira de uma nova crise macroeconômica.,414
"Estruturalmente, o país vivia as conseqüências de décadas de um crescimento concentrador de renda e de poder,",503
"constantemente mergulhado em crises inflacionárias ou de endividamento,",414
"incapaz de criar bases sólidas para financiar um desenvolvimento duradouro, que combinasse crescimento, democracia e bem-estar social.",416
"Frente a essa realidade, o Governo Lula apontou o caminho da mudança.",416
"Depois de quase três décadas perdidas, o Brasil ingressou em uma etapa de desenvolvimento sustentável.",416
"As mudanças são visíveis, como atestam principalmente a expansão do emprego e da renda de milhões de brasileiros.",503
Caberá ao segundo mandato avançar mais aceleradamente no rumo desse novo ciclo de desenvolvimento.,416
"Um desenvolvimento de longa duração,",416
"com redução das desigualdades sociais e regionais,",503
respeito ao meio ambiente,501
"e à nossa diversidade cultural,",607
"emprego e bem-estar social,",416
"controle da inflação,",414
"ênfase na educação,",506
"democracia e garantia dos Direitos Humanos,",201
presença soberana no mundo,103
e forte integração continental.,108
"Esse é o compromisso que assumem o Partido dos Trabalhadores, o Partido Comunista do Brasil, o Partido Republicano Brasileiro, compromisso compartilhado com todas as forças políticas e sociais que apóiam a reeleição de Lula e José Alencar para Presidente e Vice-Presidente do Brasil, como o Partido Socialista Brasileiro e a maioria do Partido do Movimento Democrático Brasileiro.",0
Este Programa resume as grandes orientações para o Governo 2007-2010 e será detalhado em Programas Setoriais.,0
Ele representa o compromisso de todos os partidos e movimentos sociais mobilizados para a reeleição de Lula com o conjunto da sociedade.,0
"É também uma aposta no futuro do país, respaldada pela força e pela participação do povo brasileiro.",202
"Para tanto, apontará para um conjunto de ações, que traduzirão concretamente nossa disposição de avançar no caminho das mudanças exigidas pelo povo brasileiro.",416
"Apesar dos grandes avanços logrados no primeiro mandato deste Governo, há um longo caminho a percorrer para enfrentar com êxito a aflitiva situação em que vivem ainda milhões de brasileiros.",503
"A reeleição de Lula é a garantia de que não haverá retroces-so, de que a transição para um novo Brasil não terá seu curso interrompido.",305
É certeza também de que as mudanças se farão com o fortalecimento da democracia e a renovação de nossa cultura política.,202
O ENFRENTAMENTO DO ATRASO,999
"Contrariamente ao que propala hoje a oposição conservadora, o Brasil de 2003 não estava pronto para ingressar imediatamente em um período de crescimento acelerado.",305
"Para que isso ocorresse, foi necessário o advento de um governo comprometido com outro modelo de desenvolvimento, opção que só foi feita quando mais de 52 milhões de brasileiros decidiram pela mudança, votando em Lula.",305
O Governo Lula viu-se desde o início diante de um duplo desafio.,305
"Por um lado, evitar a catástrofe que ameaçava a economia, propalada e estimulada por personagens do governo anterior, incapaz de dar respostas nacionais à crescente vulnerabilidade externa da economia.",305
"Por outro lado, conduzir uma transição de modelo, realizando transformações econômicas, políticas e sociais sintonizadas com a nova maioria que se constituíra no país.",416
O Governo Lula enfrentou exitosamente os dois desafios.,416
A catástrofe anunciada pela direita foi evitada.,416
"Nestes últimos três anos e meio o Brasil iniciou um processo de desenvolvimento com inclusão social,",416
"controle da inflação,",414
"redução da vulnerabilidade externa,",103
fortalecimento da democracia e participação popular.,202
Os êxitos obtidos nesta transição nos permitirão novos avanços no caminho do desenvolvimento.,416
"Há hoje uma combinação única de fatores que dará ao segundo mandato uma qualidade historicamente inédita: crescimento sustentável,",416
"estabilidade monetária e responsabilidade fiscal,",414
"redução da vulnerabilidade externa,",103
"expansão do investimento, da produção e da produtividade,",410
"ampliação do mercado interno e externo,",406
"crescimento e formalização do emprego,",701
"aumento da massa salarial real e expansão do crédito,",701
"redução da fome, da miséria e das desigualdades, por meio da ampliação dos programas sociais.",504
"Estão construídas condições objetivas para um maior crescimento com juros mais baixos, aumento dos investimentos e intensificação das políticas sociais, preservado o equilíbrio macroeconômico.",414
O que está em jogo agora é aprofundar esse processo e criar uma nova dinâmica em nossa sociedade.,305
"Para tanto, nunca é exagerado reiterar, é fundamental reeleger Lula e com isso impedir que as forças do atraso reconquistem o governo, interrompendo e revertendo as mudanças iniciadas em 2003.",305
O povo brasileiro está convocado uma vez mais a decidir os rumos da Nação.,305
"Em outubro próximo mais de 125 milhões de eleitores decidirão se as mudanças iniciadas em 2003 continuarão e, sobretudo, se ganharão maior intensidade.",305
"Para tanto, faz-se necessário também eleger governadores e parlamentares comprometidos com as mudanças.",305
As eleições de outubro de 2006 serão um confronto entre passado e futuro.,0
"De um lado, o bloco conservador que governou o Brasil na década de noventa e nos primeiros anos deste século.",503
"De outro, as forças progressistas comprometidas com um projeto nacional de desenvolvimento popular, democrático e soberano que passaram a governar o Brasil desde janeiro de 2003, com a posse de Luiz Inácio Lula da Silva na Presidência da República.",503
"Assim, as eleições de 2006 – mais do que quaisquer outras no passado - estarão marcadas por um enfrentamento político-ideológico que opõe um bloco social comprometido com profundas mudanças na sociedade brasileira àqueles que sempre utilizaram o poder do Estado em benefício dos interesses de uma minoria.",503
"Como sempre ocorreu em nossa história, grupos que há séculos dominam este país – e controlaram até bem pouco tempo o Governo central – desencadearam ofensiva sem precedentes para preservar privilégios e voltar às posições perdidas.",503
"Carente de coragem para expor seu verdadeiro programa, a oposição neo-liberal tenta construir um programa com ênfase na “ética”, no “crescimento” ou no “choque de gestão”.",305
"Falta-lhe, no entanto, autoridade moral e credibilidade política para dar consistência a esse discurso.",304
Como podem falar em “ética” os autores da privataria que entregou grande parte das empresas estatais em processos marcados por graves denúncias de irregularidades?,304
"Que autoridade têm aqueles que engavetaram denúncias na Justiça ou deixaram de investigá-las nas dezenas de CPIs abafadas na Câmara, Senado e Assembléia Legislativa de São Paulo?",304
"Que credibilidade têm para falar em “crescimento” os que mergulharam o país na estagnação,",410
submeteram-se aos interesses do capital financeiro,403
e foram incapazes de propor um modelo de crescimento com inclusão social?,403
"Que “choque de gestão” é esse, finalmente, que deixou sucateou o Estado brasileiro e que semeou o caos no sistema de segurança pública em São Paulo nos últimos meses?",305
"Na verdade essa oposição busca ocultar seu projeto conservador, mas não consegue encobrir seus preconceitos.",305
Qualificam de “populistas” ou “assistencialistas” às políticas de cunho universal do atual Governo.,504
"Não reconhecem esses direitos, que têm melhorado as condições de vida de dezenas de milhões de brasileiras e brasileiros, permitindo-lhes mandarem seus filhos à escola, beneficiarem-se de cuidados mínimos da saúde e inclusive acederem ao mercado de consumo.",504
"A direita vê esses investimentos sociais,",504
"assim como os aumentos do salário mínimo acima da inflação,",412
"como “ameaças ao equilíbrio fiscal”, tese que foi desmentida pela realidade nos últimos três anos.",414
"O projeto real da oposição é o de voltar à era FHC: redução dos investimentos sociais,",504
"retomada das privatizações,",413
retrocesso democrático,202
e submissão no plano internacional.,103
"Os anunciados “cortes do gasto público” visam, em verdade, cortes nas políticas sociais.",504
"O Governo Lula iniciou a reconstrução da capacidade de gestão, indução e coordenação do Estado.",305
A oposição quer a ineficiência do “Estado mínimo”.,403
"Sob o pretexto de manter a segurança pública – que não conseguiram fazer nos estados que governam -os conservadores violam os direitos humanos,",201
atacam os movimentos sociais,201
e querem reduzir a participação da cidadania na definição de novos rumos para o país.,202
"Servis no plano internacional, criticam as políticas de integração continental",108
"e de aproximação com países em desenvolvimento ao sul do planeta (relações Sul-Sul),",107
necessárias para enfrentar a globalização injusta e desigual que o mundo vive.,103
A CONSTRUÇÃO DO FUTURO,999
"Pela obra realizada entre 2003 e 2006 o Governo Lula mostrou seu compromisso com um projeto nacional de desenvolvimento, que ponha fim à exclusão",202
"e à pobreza,",416
amplie a democracia com reformas institucionais e a universalização da cidadania,202
e garanta ao Brasil um lugar soberano e solidário no mundo.,103
"As políticas aplicadas a partir de 2003 pelo Governo Lula não só evitaram a catástrofe econômica, como lançaram os alicerces de um desenvolvimento sustentável que, no médio prazo, permitirá ao Brasil ingressar em um ciclo virtuoso capaz de combinar crescimento econômico, bem-estar social, democratização política, soberania nacional e integração continental.",416
"Para atingir esse objetivo estratégico o presidente Lula renova seus compromissos com o povo brasileiro, apresentando seu Programa de Governo estruturado em torno de seis eixos.",416
"Esses compromissos são também da coalizão de partidos, movimentos sociais e de amplos segmentos cidadania que se uniram para avançar nas mudanças no segundo mandato de Lula.",606
A tarefa hoje é eleger Lula.,305
"Amanhã será dar continuidade às mudanças, governando por mais quatro anos o Brasil.",416
COMPROMISSOS COM O POVO BRASILEIRO PARA CONTINUAR MUDANDO,999
"Combate à exclusão social, à pobreza e à desigualdade",999
"O segundo Governo Lula continuará avançando na erradicação da fome, manterá e ampliará as exitosas políticas sociais até agora implementadas no Programa Fome Zero, especialmente na Bolsa Família.",504
Dará maior profundidade ao combate à concentração regional e social de renda e riqueza.,503
"Ampliará as oportunidades de emprego, trabalho e renda, especialmente por meio de medidas que impulsionem os investimentos públicos",403
"e privados mais intensivos em mão de obra,",402
com ênfase nas micro e pequenas empresas.,403
"Prosseguirá fortalecendo a prática de gestão compartilhada entre as três esferas do Governo,",202
investindo nos serviços de qualidade à população.,504
"Avançará na consolidação do Sistema Único de Saúde (SUS),",302
centrando esforços na universalização dos serviços e melhoria do atendimento ao cidadão.,504
"Aprofundará o processo de reforma urbana, dando continuidade aos investimentos que garantam acesso à moradia digna e a serviços urbanos essenciais,",504
em especial de saneamento e transporte público.,411
Prosseguirá em sua determinação de garantir luz para todos.,411
"Dará continuidade às medidas para a constituição de uma economia solidária, estimulando o cooperativismo,",403
"as iniciativas autônomas de desenvolvimento local,",301
"a auto-gestão, o micro crédito",403
e ampliando a participação dos trabalhadores na economia.,701
"O Governo Lula, reconhecendo os jovens como sujeitos de direitos, garantirá a continuidade de políticas que lhes têm permitido o acesso ao ensino de qualidade em todos os níveis,",506
"à cultura, ao esporte, ao lazer e a empregos dignos.",502
"As políticas e mecanismos que constroem a igualdade das mulheres serão fortalecidas,",503
com o enfrentamento da violência,605
e estímulo à participação na vida pública.,202
Continuarão a ser implementadas medidas que garantam e ampliem mecanismos de combate ao racismo,503
"e à homofobia,",503
proteção dos idosos,701
"e da superação da discriminação a pessoas com deficiência,",705
dedicando-se ênfase especial aos direitos das crianças e dos adolescentes.,706
Essa dimensão da inclusão social é fundamental para uma maior abrangência da política de Direitos Humanos do Governo.,201
"Para mudar as condições de vida dos cidadãos é necessário mudar o país, democratizando o acesso às riquezas,",503
fortalecendo a participação popular,202
"e criando oportunidades para todos os brasileiros e brasileiras, garantindo-lhe acesso a direitos consagrados e novos direitos que se coloquem na agenda pública.",503
Aprofundamento do novo modelo de desenvolvimento: crescimento com distribuição de renda e sustentabilidade ambiental.,999
A luta pela inclusão social e o combate à pobreza exigem um crescimento mais acelerado da economia – bem acima dos níveis atuais –,410
"com preços estabilizados, equilíbrio fiscal",414
e redução da vulnerabilidade externa.,103
"A continuidade da redução das taxas reais de juros ajudará a diminuir mais ainda a dívida pública, ampliará o crédito às empresas produtivas e aos trabalhadores.",414
"Nosso Governo continuará em sua tarefa de constituir um grande mercado de bens de consumo de massas,",403
o que vincula de maneira indissociável crescimento com distribuição de renda.,503
"Esse propósito requer prioritária diretriz governamental voltada para a elevação substancial dos investimentos, especialmente públicos e nacionais, bem como privados e estrangeiros.",410
"Pressupõe ainda o fortalecimento da iniciativa do Estado, das empresas estatais e do sistema financeiro público, por sua capacidade indutora do desenvolvimento.",410
"Terão continuidade ações de regulação que garantam as condições para o investimento privado necessário ao desenvolvimento do país, além de novas alterações na legislação que favoreçam o ambiente para investimento.",410
"Prosseguirão e ganharão mais intensidade as iniciativas governamentais para desenvolver regiões do país historicamente postergadas,",301
bem como para reforçar o dinamismo do desenvolvimento territorialmente planejado.,404
"Políticas industriais, de inovação tecnológica",411
"e de estímulo às exportações,",402
"de incentivo às micro e pequenas empresas, levadas adiante pelo atual Governo,",403
"produzirão ganhos de escala, permitirão incremento da produtividade e aumentos do emprego e dos rendimentos das famílias assalariadas.",410
"A ampliação da infra-estrutura energética, apoiada na diversificação da matriz anterior, permitirá que o novo ciclo de desenvolvimento se dê sem os sobressaltos do passado.",411
"Terão continuidade os investimentos em infra-estrutura logística, aumentando a qualidade de nossa rede rodoviária, ferroviária, portuária e a aero portuária.",411
A sustentabilidade dessas transformações será condicionada pelo prosseguimento das políticas de conservação do meio ambiente.,501
Ações de planejamento e controle ecológico,501
darão também novo alento à investigação científica,411
e terão seus resultados monitorados por indicadores públicos.,202
"Uma política de ciência e tecnologia, necessária para a inovação industrial, agrícola e de serviços, fará com que as universidades e os centros de pesquisa se aproximem mais dos grandes temas do desenvolvimento nacional.",411
"O novo ciclo de desenvolvimento estimulará ainda mais os micro, pequenos e médios empreendedores por meio de medidas jurídicas, técnicas, fiscais e creditícias.",403
"O turismo continuará a ser um dos setores prioritários da agenda do desenvolvimento, por sua alta capacidade de geração de empregos, divisas",408
e de incentivo ao desenvolvimento regional do país.,301
"A pesca é outro setor que ganhará mais importância na política integrada de segurança alimentar, inclusão social e geração de divisas.",703
"Para que o modelo seja sustentável será necessário prosseguir combinando a Reforma Agrária, o apoio à agricultura familiar, o incentivo ao agro-negócio e o equacionamento de seus problemas estruturais de comercialização.",703
"A expansão sustentada da economia será garantida pela ação combinada de vários bancos, especialmente os públicos,",410
e por medidas adicionais que incentivem o retorno de capitais especulativos para a esfera da produção.,402
O conjunto dessa orientação ajudará na construção de um padrão de financiamento não baseado no endividamento público ou em pesada carga tributária.,414
Brasil para todos.,999
Educação massiva e de qualidade.,999
"Cultura, comunicação, ciência e tecnologia como instrumentos de desenvolvimento e de democracia.",999
"O país está ingressando em um novo ciclo de desenvolvimento e deve ser capaz, nos próximos anos, de produzir e de se apropriar dos avanços científicos e tecnológicos,",411
bem como da produção cultural em todos os campos como uma das condições da ampliação e do exercício de uma cidadania ativa.,202
"A educação de qualidade e ao alcance de todos deve ser entendida como instrumento de produção, organização e difusão de conhecimento e cultura.",506
"Deve contribuir para a formação de gerações de brasileiros capazes de compreender criticamente e dar significação aos valores culturais construídos ao longo da história,",601
em diálogo permanente e afirmativo com as demais culturas do mundo.,607
O desafio central para universalizar a educação nessas bases,506
será acompanhado por um conjunto de iniciativas que garantam o acesso aos bens culturais,502
e à informação.,411
"O Estado Brasileiro reafirmará seu compromisso com uma política integrada de educação, reconhecendo-a como direito inalienável e inadiável.",506
"Isso exigirá expressivos investimentos na ampliação e acesso ao sistema escolar,",506
bem como a democratização da gestão das unidades educacionais.,202
"Para alcançar esses objetivos, entre outras ações, é fundamental a aprovação do FUNDEB pelo Congresso Nacional.",506
Será dada ênfase ao acesso à escola pública democrática e de qualidade;,506
"à superação do analfabetismo,",506
"à inclusão digital,",411
"ao acesso mais amplo à educação profissional, técnica e tecnológica,",506
"e a uma universidade reformada, expandida e de qualidade superior.",506
"Por serem pressupostos e também fatores fundamentais para garantir a inclusão econômica, social e política de dezenas de milhões de brasileiras e brasileiros, esse compromisso assumirá o caráter de objetivo estratégico do segundo governo Lula.",506
"Tratase, portanto, de conceber a educação como questão nacional de primeira grandeza e torná-la prioridade do Estado e da sociedade.",506
Ampliação da democracia,999
"O processo de inclusão social exige a generalização da cidadania,",202
"reformas do Estado e do sistema político que garantam não só o aprimoramento da democracia representativa, como a criação de um espaço público capaz de permitir a geração de novos direitos",202
e a efetiva participação de todos os brasileiros e brasileiras na construção nacional.,202
O segundo governo Lula aprofundará e expandirá o alcance das políticas voltadas para a afirmação definitiva dos direitos das mulheres na sociedade brasileira.,503
O respeito aos Direitos Humanos permanecerá como marco do Governo.,201
"Prosseguirá a implementação de medidas que garantam e ampliem mecanismos de igualdade de brasileiros e brasileiras,",503
de combate a todas manifestações de discriminação,503
"e de proteção da cidadania contra quaisquer formas de violência, provenientes do Estado ou da sociedade.",201
"Com incentivo às populações discriminadas dar-se-á conseqüência à universalização da cidadania, da igualdade de direitos e respeito às diferenças.",503
"Terá prioridade uma Reforma Política a ser definida por meio de amplo diálogo entre o Congresso Nacional, os partidos e a sociedade brasileira.",202
"Ela deverá assegurar a pluralidade de partidos,",202
"a fidelidade partidária,",202
o financiamento público de campanhas eleitorais,202
"e o voto proporcional,",202
"preferencialmente por lista pré-ordenada,",202
além de incentivar a construção de maiorias necessárias à governabilidade.,202
"Essa Reforma deverá incluir, ainda, a revisão dos procedimentos de elaboração e fiscalização orçamentária, dentre outras medidas destinadas a fortalecer a representação popular e dar plena legitimidade aos poderes da República.",202
"A Reforma do Estado assegurará mais transparência e um maior controle social,",202
além de propiciar meios mais eficazes para combater a corrupção e o burocratismo.,304
"O fortalecimento da Controladoria Geral da União,",304
a adoção de controles externos e públicos dos órgãos federais e estaduais,304
e a modernização da legislação garantirão celeridade e rigor dos processos de julgamento e punição dos corruptos.,304
"O segundo Governo Lula prosseguirá na busca de um maior controle dos cidadãos sobre o Estado, estimulando a participação da sociedade civil na formulação do orçamento (como ocorreu com o Plano Plurianual)",202
"e na definição, avaliação e controle das políticas públicas, por meio de conselhos e comitês representativos.",202
"Continuarão a ter espaço e importância as conferências nacionais temáticas já realizadas neste Governo, que reuniram mais de dois milhões de pessoas.",202
"Será garantida a democratização dos meios de comunicação,",202
"permitindo a todos o mais amplo acesso à informação, que deve ser entendida como um direito cidadão.",201
"Para se atingir esses objetivos será fundamental aprofundar a Reforma do Judiciário, que garante os direitos da cidadania",201
e contribui para a melhoria do ambiente de negócios.,410
"A melhoria da gestão continuará a ser perseguida, focada especialmente na prestação de serviços de qualidade à população",504
"e na busca, igualmente, da qualidade do gasto público.",303
"O Governo continuará a se relacionar de forma democrática com os poderes Legislativo e Judiciário, com os estados e municípios, com os partidos políticos, com os meios de comunicação, com as igrejas e com os movimentos sociais.",202
O esforço iniciado de reaparelhamento material e valorização pessoal das Forças Armadas permitirá que elas venham melhor cumprir sua missão constitucional.,104
Garantir a segurança de brasileiros e brasileiras,999
"O próximo Governo avançará e consolidará sua concepção de Segurança Pública Cidadã, articulada pelo Sistema Único de Segurança Pública,",605
tendo como princípios básicos a integração das instituições de segurança pública,302
e a democratização e participação da sociedade e do Estado no combate à violência e ao crime.,202
"A integração permitirá superar a fragmentação, a ineficiência e ineficácia do sistema e de seus organismos,",303
"promovendo a articulação efetiva da elaboração e execução das políticas públicas nos níveis federal, estadual e municipal.",302
"Buscar-se á articular iniciativas de repressão e de prevenção, com especial atenção para as ações de inteligência e de informação em todas esferas do sistema.",605
"A democratização e participação da sociedade e do Estado contribuirá para a formação de uma nova cultura política no trato da questão da violência – a noção de segurança pública cidadã -, orientada para a prevenção e repressão eficiente do crime, em especial do crime organizado,",605
"por meio da participação solidária da sociedade e dos aparatos policiais em todos os níveis da Federação, assumindo a segurança como direito fundamental da cidadania na sociedade brasileira.",202
Inserção soberana no mundo,999
O Brasil acentuará sua presença soberana no mundo.,103
"Lutará nos foros internacionais pelo multilateralismo, contribuindo para a reforma das Nações Unidas e de seu Conselho de Segurança, onde reivindica uma vaga permanente.",107
"Manterá suas iniciativas em favor de ordem econômica, financeira e comercial mais justa que beneficie países pobres, e em desenvolvimento,",107
ao mesmo tempo que reduz as atuais assimetrias mundiais.,103
O Brasil continuará empenhado em sua luta contra a fome,107
e pela paz.,106
"Defenderá um relacionamento entre as nações baseado nos princípios de respeito à soberania nacional,",103
de não agressão,106
e de não ingerência nos assuntos internos de outros estados.,103
"Privilegiará o processo de integração sul-americana – o Mercosul e a Comunidade Sul-americana de Nações, em especial –",108
"e fortalecerá as relações Sul-Sul, dando ênfase particular às suas relações com os países do continente africano,",107
"ao mesmo tempo em que buscará ampliar seu acesso aos grandes mercados europeu, norte-americano e asiático",406
e manter com os países desenvolvidos um relacionamento positivo e soberano.,103
"Para que tais compromissos se tornem realidade, o novo Governo Lula deverá levar adiante um conjunto de ações, dentre as quais destacamos:",0
BRASIL PRODUTIVO,999
"Desenvolvimento com distribuição de renda, estabilidade dos preços, redução da vulnerabilidade externa e mais investimentos",999
Dar continuidade à recuperação do salário mínimo com aumentos acima da inflação,412
e acentuar o crescimento de empregos formais.,701
Prosseguir o processo de redução da relação dívida pública/PIB.,414
"Aprofundar a redução da taxa de juros, aproximando-a daquela praticada nos países em desenvolvimento.",414
"Perseguir uma taxa de investimento acima dos 25%, para garantir um crescimento superior ao atual.",410
"Prosseguir em programas seletivos de desoneração tributária, buscando fortalecer a expansão do sistema produtivo.",410
"Ampliar a capacidade do sistema financeiro,",410
"expandir o crédito,",410
promover o desenvolvimento e difusão de inovações financeiras,411
"e criar Fundos Setoriais de longo prazo,",404
especialmente para financiar infraestrutura,411
e indústrias de longa maturação.,404
Reforma Agrária e Política Agrícola,999
"Promover o desenvolvimento da agricultura nacional com ampliação da renda e cidadania no campo, gerando um ambiente de produção e trabalho que garanta ampliação da renda agrícola, oferta adequada de alimentos e geração de divisas,",703
com preservação dos recursos ambientais.,501
"Ampliar os recursos de crédito rural para o financiamento da produção agropecuária, com custos e prazos adequados à realidade do setor.",703
Dar continuidade à universalização do crédito,703
"e políticas diferenciadas aos agricultores familiares, em todas as regiões, promovendo a diversificação da produção da agricultura familiar.",301
"Dar continuidade ao Plano Nacional de Reforma Agrária, mantendo a prioridade de implantar assentamentos com qualidade, recuperar os assentamentos existentes, regularizar o crédito fundiário, tornando a Reforma Agrária ampla, massiva e de qualidade.",703
"Reconhecer a diversidade do rural brasileiro, nos seus aspectos ambientais, sociais, culturais e econômicos,",607
"que demanda políticas específicas para públicos e regiões distintos,",301
incluindo as políticas de gênero e geracional.,706
Política Industrial,999
"Dar seguimento à Política Industrial e de Inovação com ênfase para os setores de biotecnologia, energias renováveis, tecnologia da informação (especialmente TV digital e semi-condutores), nanotecnologia, fármacos e medicamentos.",411
Construir o Pólo Petroquímico e a Siderúrgica do Rio de Janeiro.,411
Garantir o fornecimento do gás que viabilize a construção e a operação da Siderúrgica do Ceará.,411
"Continuidade no apoio à reconstrução de setores industriais como a indústria naval, especialmente de plataformas e petroleiros.",410
Simplificar os mecanismos de acesso a programas de Inovação por meio de incentivos fiscais previstos por lei,402
e pelos Fundos Setoriais de Ciência e Tecnologia.,411
Fortalecer os Centros de Pesquisa e Desenvolvimento para empresas.,411
Simplificar a legislação de abertura de empresas,402
e legislação sanitária e ambiental.,303
"Aprofundar a política nacional para micro, pequena e média empresas, conforme Lei Geral em tramitação no Congresso, que estabelece tratamento diferenciado em matéria de crédito, acesso à tecnologia e mercado e às exportações.",402
Comércio Exterior,999
"Fortalecer a política de exportações, com destaque para os produtos com valor agre-gado.",406
"Adotar, em setores específicos, medidas contra a concorrência predatória de produtos estrangeiros.",406
Ampliar e reforçar os entrepostos da APEX no exterior e a Marca Brasil.,408
"Expandir as linhas de crédito do PROEX e do BNDES e o seguro às exportações, incentivando o crescimento da participação dos produtos de maior valor agregado nas exportações e a internacionalização de empresas brasileiras.",406
Impulsionar a desdolarização do comércio com os países da América Latina,103
e estimular a ampliação do mecanismo de Convênios de Crédito Recíproco (CCR) e outros instrumentos que permitam o intercâmbio comercial em moedas nacionais.,108
Educação de qualidade,999
"Ampliar, com estados e municípios, o acesso à educação básica, por meio da universalização do ensino fundamental de 9 anos;",506
do atendimento à educação infantil;,506
"da continuidade à reestruturação do ensino médio e do ensino noturno,",506
da ampliação significativa do ensino técnico e tecnológico,411
e da continuidade das mudanças para a educação no campo.,506
"Expandir progressivamente o atendimento integral à criança e ao jovem, por meio da articulação entre a União, estados, municípios e comunidade, integrando políticas, programas e equipamentos, que façam da escola um pólo educacional,",506
"cultural, de esporte e lazer.",502
"Instituir Piso Salarial Profissional, a partir da aprovação do FUNDEB,",701
"e redefinir a docência por meio de diretrizes de carreira, que contribuam para a ampliação da jornada do professor na mesma escola e para o trabalho integrado e coletivo nos espaços educacionais.",506
Estruturar a Rede Nacional de Formação de Educadores para a capacitação inicial e continuada.,506
"Ampliar, para tanto, a Universidade Aberta do Brasil, fruto da cooperação entre União, estados, municípios e universidades federais.",506
"Fortalecer o caráter inclusivo e não-discriminatório da educação,",503
aumentando investimentos na educação especial e indígena,607
e na valorização da diversidade étnico-racial e de gênero.,607
"Aprofundar a ampliação do ensino superior de qualidade: continuidade do PROUNI,",506
criação de novas universidades e de mais vagas nas Universidades Federais existentes;,506
"aprovação da Reforma Universitária,",506
desenvolvimento de Plano Nacional de Pós-Graduação e do Sistema Nacional de Avaliação do Ensino Superior (SINAES).,506
"Dar prosseguimento à alfabetização de jovens e adultos, garantindo a continuidade do processo de escolarização, inclusive profissional.",506
"Implantar o FUNDEB e sub-vincular os recursos para as universidades federais, como parte do esforço nacional para ampliação dos recursos da educação em relação ao PIB brasileiro.",506
"Democratizar a Gestão Educacional, incentivando a reorganização e o aperfeiçoamento dos conselhos escolares e dos conselhos de cada um dos sistemas.",202
"Instituir o Fórum Nacional de Educação e convocar a I Conferência Nacional de Educação para avaliação das determinações da LDB, das metas do Plano Nacional e para aperfeiçoar o regime de cooperação entre as esferas de governo.",202
Ciência e tecnologia,999
"Prosseguir no incentivo à inovação tecnológica da indústria e do setor de serviços, em conjunto com um vigoroso suporte ao pequeno e médio empreendedor, às incubadoras e parques tecnológicos e com o fortalecimento e expansão do sistema nacional de CT.",411
"Continuar a articular a estratégia nacional de CT e a Política Industrial, Tecnológica e de Comércio Exterior, com ênfase nos setores difusores de tecnologia, tais como software, semicondutores, fármacos, medicamentos e bens de capital, assim como em áreas estratégicas como nanotecnologia, biotecnologia e biomassa.",411
"Seguir na interlocução permanente com a comunidade científica e tecnológica e com outros setores sociais, de forma articulada com as unidades federativas e suas respectivas políticas.",411
"Articular a CT como importante instrumento para revolucionar a qualidade da educação em todos os níveis,",411
"promovendo iniciativas conjuntas do MEC, MCT e instituições científicas, como a Olimpíada da Matemática.",506
"Utilizar a tecnologia da informação como elemento estratégico, tanto para a ampliação das ações de inclusão digital",411
"para a modernização da gestão do Estado, a melhoria da qualidade do gasto público",303
e o controle social democrático.,202
Cultura,999
"Avançar na consolidação do Sistema Nacional de Cultura, com pactos progressivos com estados e municípios, fortalecendo o Plano Nacional de Cultura, integrando políticas de financiamento",502
e estimulando práticas participativas na gestão cultural.,202
"Criar e implementar mecanismos de financiamento para estabelecer o Ticket Cultural,",502
como forma democrática de acesso da população aos bens e serviços culturais.,202
"Acelerar o processo de revisão do Fundo Nacional de Cultura e das demais leis de incentivo,",502
"preservando o caráter republicano, a transparência e o controle público sobre esses instrumentos de financiamento à produção cultural.",202
"Articular as ações governamentais em educação, cultura e comunicação,",502
reconhecendo e apoiando a diversidade cultural do país.,607
Comunicação,999
"Construir um novo modelo institucional para as comunicações, com caráter demo-cratizante",202
e voltado ao processo de convergência tecnológica.,411
"Incentivar a criação de sistemas democráticos de comunicação, favorecendo a democratização da produção, da circulação e do acesso aos conteúdos pela população.",202
"Fortalecer a radiodifusão pública e comunitária, a inclusão digital, as produções regional e independente e a competição no setor.",408
Trabalho e emprego,999
"Gerar mais e melhores empregos, por meio da expansão do investimento público e do estímulo ao investimento privado nos setores com maior potencial de criação de novos postos de trabalho.",701
"Definir uma política de recuperação do poder de compra do salário mínimo,",412
"por meio de comissão quadripartite, formada por governo, empresários, trabalhadores e aposentados.",405
"Incrementar o crédito e o fomento aos micro-empreendimentos, às cooperativas, às associações de pequenos produtores e a outras práticas de economia solidária.",403
"Dar continuidade à democratização das relações de trabalho, com a aprovação da Reforma Sindical e encaminhamento do debate sobre a atualização da legislação trabalhista, com garantia dos direitos fundamentais dos trabalhadores.",701
"Manter a prioridade no combate ao trabalho escravo e infantil, na perspectiva de sua erradicação.",701
"Ampliar as oportunidades de inserção de jovens, mulheres e trabalhadores com mais de 40 anos no mercado de trabalho.",701
"Combater todo tipo de precarização e discriminação no trabalho, sobretudo as de gênero, raça, geração e deficiência.",503
Brasil potência energética,999
"Consolidar o novo modelo do setor elétrico, mantendo os investimentos na expansão da geração e transmissão de energia elétrica.",411
"Licitar e dar início à construção das hidrelétricas do Rio Madeira e Belo Monte,",411
com respeito às normas ambientais.,501
"Prosseguir na extensão das linhas de transmissão, que interligam o país, evitando apagões.",411
Dar continuidade ao fomento do grande potencial brasileiro de fontes alternativas.,411
"No Nordeste, a energia eólica dará complemento à hidráulica.",411
No Sul e Sudeste a alternativa prioritária será a da biomassa.,411
"Completar o Programa Luz para Todos, garantindo à totalidade dos brasileiros o acesso à eletricidade.",411
"Manter investimento crescente na prospecção, exploração e produção de petróleo, garantindo a manutenção e ampliação da auto-suficiência.",411
Iniciar a construção da Refinaria Abreu e Lima (Petrobrás/PDVSA) em Pernambuco.,411
"Priorizar a criação de novas oportunidades na exploração e produção de gás natural, visando a independência no curto prazo dessa fonte energética,",411
"ajustando a produção às necessidades nacionais, por meio da gestão planejada dos recursos gasíferos.",404
"Continuar os investimentos na expansão da malha de gasodutos, com especial ênfase na conclusão do Gasoduto Coari Manaus e Gasene (em parceria com a China).",411
"Consolidar os pólos de biocombustíveis etanol, biodiesel e H-Bio, incentivando a formação de cadeias produtivas,",402
"que reunirão a agricultura familiar e comercial, o setor de máquinas e equipamentos para refinarias,",703
"além do desenvolvimento de pesquisa em sementes, cultivos e novas gerações de biocombustíveis e derivados.",411
Incentivar a exportação da tecnologia de biocombustíveis para América Latina e África.,402
"Criar mecanismos de regulação da oferta interna de álcool (estoques reguladores, mercado futuro de commodities, etc.)",403
"e implantar logística de exportação de combustíveis, consolidando o álcool como uma commodity.",411
"Introduzir novos mecanismos de apoio à produção de biodiesel, de forma a ampliar percentual de mistura em uso no Brasil.",402
"Consolidar os programas de aumento da eficiência energética, fomentando a adoção de tecnologias mais eficientes nos carros, motores, eletrodomésticos etc.",411
"Criar estímulos à repotenciação de antigos empreendimentos hidrelétricos e instituir programas de conscientização, capacitação e acesso à informação dos benefícios ambientais, sociais e econômicos relativos às medidas do uso eficiente de energia.",501
Política mineral,999
"Dar continuidade ao fortalecimento e modernização da gestão do Estado sobre os recursos minerais e aos levantamentos geológicos e aero-geofisicos para a descoberta de novas jazidas nas áreas com grande potencial, criando vantagens comparativas para a atração de investimentos nacionais e internacionais.",410
"Dar maior competitividade à indústria mineral, através de programas de apoio financeiro-tecnológico para a verticalização e agregação de valor à produção mineral, a organização e formalização da atividade extrativa mineral,",410
"a estabilidade jurídica das concessões governamentais,",402
minimizando os impactos ambientais no setor.,501
Infra-estrutura de transporte,999
"Consolidar a retomada do planejamento estratégico de longo prazo, vinculado à integração regional, nacional e sul-americana,",108
associado ao combate às desigualdades regionais e sociais,503
e ao equilíbrio ambiental.,501
"Expandir a infra-estrutura rodoviária: continuidade da duplicação da BR-101 Sul, BR-101 Nordeste (com ampliação do trecho em direção à Bahia), construção da BR-163, no Pará, da BR-158 no Mato Grosso, da BR-364, no Acre, duplicação da BR-153 em GO/MG e da BR-040 Minas Gerais.",411
"Concluir obras de recuperação e ampliação de outros eixos estruturais de escoamento de carga e passageiros como as BR-153/010 (Belém-Brasília), BR-163 no MT/MS, BR-116 BA/MG/RS e BR-392 RS, além da construção do Arco Rodoviário do Rio de Janeiro.",411
"Expandir a infra-estrutura ferroviária: continuidade da ferrovia Norte-Sul em direção a Palmas–TO, no tramo norte e de Porangatu-GO, no tramo sul, da Transnordestina, dos contornos e outras obras para aumentar a capacidade da ferrovia no Recôncavo Baiano e da recuperação da ligação ferroviária Recife-Salvador, além do início de obras do Ferroanel de São Paulo e da variante Guarapuava-Ipiranga no Paraná.",411
"Expandir a infra-estrutura portuária: continuidade das obras dos principais portos brasileiros, responsáveis pela maior movimentação de carga do país, dando-lhes maior capacidade, segurança e eficiência.",411
"Expandir a infra-estrutura aeroportuária: continuidade das obras de ampliação dos principais aeroportos brasileiros, dandolhes maior capacidade, segurança e eficiência no que se refere ao transporte de cargas e passageiros, especialmente no suporte ao turismo.",411
"Reestruturar o DNIT e reorientar sua atuação, garantindo uma gestão profissionalizada e equilibrada no que se refere à sua intervenção nos sistemas rodoviário, ferroviário, portuário e hidroviário.",303
"Desenvolver e implementar um novo modelo de gestão, com controle social e avaliação de desempenho na área portuária e nas hidrovias.",202
"Unificar o trabalho das agências reguladoras de transporte, eliminando os conflitos de atribuições.",303
Desenvolvimento regional,999
"Prosseguir na implementação da Política Nacional de Desenvolvimento Regional, dinamizando as economias regionais, fortalecendo a base social e respeitando a diversidade regional.",301
"Continuar reconhecendo a existência de regiões menos dinâmicas e com precárias condições sociais em todas as macro-regiões do país,",301
"sem deixar de atuar nas áreas com padrão macro-regional de desigualdade (Nordeste e Amazônia), considerando os desafios especiais, como o Semi-Árido.",503
"Aprovar o Fundo Nacional de Desenvolvimento Regional, garantindo maior financiamento das políticas de desenvolvimento regional.",301
"Prosseguir na aplicação dos recursos dos Fundos Constitucionais de Desenvolvimento, garantindo a seleção dos melhores investimentos para aumentar a competitividade das economias locais.",301
"Aprovar projeto de lei em tramitação no Congresso de recriação da SUDENE e SUDAM, restaurando a capacidade de planejamento e articulação regional.",301
"Aperfeiçoar e acelerar a implantação do Plano Amazônia Sustentável, do Plano de Desenvolvimento Sustentável para a área de influência da rodovia BR-163, do Plano Estratégico de Desenvolvimento Sustentável do Nordeste e do Projeto São Francisco (Revitalização do Rio São Francisco e Interligação de Bacias).",301
"Continuar a implantação de obras de infra-estrutura estratégicas para sustentar o desenvolvimento regional,",301
"como as obras nas rodovias BR-163 PA/MT, da BR-101 no Nordeste, da BR-116 e BR-324 na Bahia, da Ferrovia Transnordestina, da construção de gasodutos (Coari-Manaus, Gasene e Malha Nordeste).",411
Cidades: reforma e desenvolvimento urbano,999
"Dar continuidade a investimentos que garantam acesso à moradia digna e aos serviços urbanos essenciais, em especial de saneamento básico e transporte público, priorizando a inclusão sócio-espacial dos assentamentos informais, especialmente das favelas nas regiões metropolitanas.",504
"Implementar o Sistema Nacional de Habitação de Interesse Social (SNHIS), por meio de pactos entre as três esferas de governo e os agentes sociais e privados.",504
"Aprovar o marco regulatório para o setor de saneamento, em tramitação no Congresso Nacional.",403
"Ampliar o Programa Nacional de Apoio à Regularização Fundiária, concedendo títulos para a população de baixa renda moradora de áreas irregulares.",504
"Ampliar e consolidar as ações de apoio aos estados, municípios e demais agentes públicos, aumentando a capacidade de planejamento",404
e implementação descentralizada de políticas de desenvolvimento urbano.,301
"Desenvolver programa de apoio à estruturação de novas formas de gestão regional compartilhada,",301
"focalizadas nas áreas de transporte público, abastecimento de água, esgotamento sanitário, manejo das águas pluviais e dos resíduos sólidos.",504
Regiões metropolitanas,999
"Reforçar a cooperação entre os governos federal, estaduais, municipais e sociedade civil, para formular e implementar o Programa Nacional de Regiões Metropolitanas, incluindo ações de segurança cidadã, de desenvolvimento social e de trabalho e renda.",301
"Fomentar e incentivar o aprimoramento de entidades de gestão metropolitana,",301
"buscando implementar uma agenda de melhoria do transporte público, do abastecimento de água, do esgotamento sanitário, do manejo das águas pluviais e dos resíduos sólidos, do aperfeiçoamento do uso do solo e controle urbanístico,",504
do desenvolvimento econômico metropolitano equilibrado e sustentável.,416
Meio ambiente,999
Criar e consolidar Unidades de Conservação em ambientes terrestres e marinhos e incentivar a restauração de áreas de preservação.,501
"Consolidar as políticas de gestão de florestas e por biomas, o Plano Nacional de Recursos Hídricos e o combate à desertificação.",501
Reduzir a taxa de desmatamento anual da Amazônia e demais biomas a níveis médios inferiores aos do período 2003-2006.,501
"Incentivar o uso de tecnologias limpas,",411
"por meio de financiamento e desoneração da aquisição de equipamentos, que contribuam para a redução da poluição.",501
Dar continuidade à adequação ambiental das políticas de desenvolvimento e de projetos de infra-estrutura.,501
Regulamentar por lei o acesso a recursos genéticos,0
e ao conhecimento tradicional associado.,607
Avançar com a política de uso sustentável e valoração da biodiversidade e dos serviços ambientais.,501
Estabelecer em lei a Política Nacional de Resíduos Sólidos.,501
"Expandir as ações de educação ambiental,",501
promovendo campanhas de consumo sustentável e economia de energia.,416
Turismo,999
"Prosseguir na estratégia de aumentar e diversificar os produtos turísticos de qualidade,",408
"contemplando e respeitando a diversidade cultural,",607
os recursos naturais,501
e as diferenças regionais do país.,301
"Consolidar a imagem de um país moderno, diversificado, hospitaleiro e competitivo internacionalmente,",601
valorizando a Marca Brasil e buscando aumentar a inserção do país no mercado turístico internacional.,408
Aquicultura e pesca,999
"Dar continuidade às ações e programas que visam reorganizar a cadeia produtiva da aqüicultura e pesca, para fazer do Brasil um dos maiores produtores mundiais de pescado.",703
"Aprofundar o processo de inclusão social e econômica dos pescadores artesanais, especialmente as ações de assistência técnica, crédito, subvenção ao óleo diesel, comercialização e direitos sociais.",703
Brasil sem violência,999
"Intensificar a repressão ao crime organizado,",605
"a vigilância das fronteiras para impedir o tráfico de drogas e armas e combater a lavagem de dinheiro,",605
"integrando mecanismos investigativos, ampliando as bases de dados, reforçando a cooperação internacional.",107
"Consolidar o Sistema Único de Segurança Pública (SUSP), para agilizar os fluxos informativos entre instituições e melhor combater a criminalidade.",605
"Ampliar o papel de indutor de princípios e práticas policiais do Fundo Nacional de Segurança Pública,",605
complementar na sustentação financeira das políticas estaduais e locais de segurança.,301
"Ampliar o efetivo da Polícia Federal, mantendo sua independência e fortalecendo sua atuação no controle de fronteiras.",605
Expandir a Força Nacional de Segurança Pública.,605
"Integrar as instituições do Sistema de Justiça Criminal e Segurança, articulando prevenção e repressão e fortalecendo os sistemas de inteligência e informação.",605
"Continuar o processo de integração dos Sistemas de Informações Criminais, com a ampliação do Sistema Nacional de Inteligência e de Informação em todos os níveis.",605
"Desenvolver Rede Nacional de Educação em Segurança Pública Cidadã, com a formação integrada dos profissionais.",605
"Consolidar o Sistema Penitenciário Federal, concluindo os presídios de segurança máxima.",605
Isolar as lideranças do crime organizado nas penitenciárias federais.,605
Investir na formação de agentes penitenciários federais.,605
"Fomentar o tratamento diferenciado aos presos conforme a gravidade dos delitos, reforçando programas de ressocialização com ênfase no trabalho e ensino dos presos, além das políticas de atendimento aos egressos do sistema.",605
"Incentivar a aplicação de penas alternativas, de programas de justiça comunitária e de justiça restaurativa.",605
"Valorizar espaços de participação da população, como ouvidorias e conselhos.",202
Reforma do estado,999
Combate à Corrupção e Transparência,304
"Continuar a fortalecer os órgãos de controle e investigação do Poder Executivo (Controladoria Geral da União e Polícia Federal) e a articulação com o Ministério Público, Tribunal de Contas e o Judiciário.",304
"Aperfeiçoar os mecanismos de investigação, detecção e punição do enriquecimento ilícito e de lavagem de dinheiro.",304
"Priorizar reformas da legislação penal e processual penal, a fim de combater a impunidade,",304
"garantindo a aplicação de sanções justas, proporcionais e eficazes.",605
Promover a análise sistemática da evolução patrimonial de agentes públicos.,304
"Aperfeiçoar os mecanismos de fiscalização da execução e da prestação de contas de recursos públicos transferidos, para evitar malversação e assegurar que alcancem os públicos-alvo e os objetivos estabelecidos nos convênios.",304
"Ampliar a transparência, o controle",304
"e a eficiência das compras governamentais,",303
"promovendo o monitoramento sistemático de certames licitatórios, buscando identificar padrões de comportamento de empresas participantes e desvios-padrão nos preços de aquisição de bens e serviços.",304
"Priorizar ações de prevenção à corrupção, especialmente quanto ao permanente incremento da transparência pública e do controle social.",304
Fortalecer o Sistema de Ouvidorias e o Portal da Transparência.,304
Gestão,999
"Fortalecimento do pacto federativo, dando continuidade a ações conjuntas com estados e municípios, para enfrentar os principais temas da agenda nacional.",301
"Melhorar a prestação direta e remota de serviços aos cidadãos, simplificando procedimentos,",504
"capacitando servidores e ampliando a base tecnológica, inclusive com a utilização do software livre.",411
Introduzir a dimensão territorial no Planejamento e na implementação das políticas públicas.,301
"Desenvolver processo consistente de melhoria da qualidade do gasto público, combatendo o desperdício e a ineficácia.",303
"Fortalecer a função pública, visando o desenvolvimento e a retenção de competências dentro da máquina pública, a responsabilização de dirigentes e servidores por resultados e a implantação de um sistema de mérito.",303
"Aprofundar o modelo de negociação coletiva, fortalecendo a Mesa Permanente de negociação com o funcionalismo.",701
Participação Democrática,999
"Manter o diálogo responsável e qualificado com todos os segmentos da sociedade, buscando a construção de consensos e atuando de forma democrática no equacionamento de conflitos.",202
"Ampliar e aprofundar a experiência dos fóruns públicos de discussão do Plano Plurianual, desenvolvendo iniciativas de estabelecer novos padrões de transparência, debate público e controle da execução do Orçamento da União.",202
"Dar continuidade à realização sistemática de conferências nacionais setoriais, que contribuam de modo decisivo para o estabelecimento das agendas e prioridades das políticas públicas.",202
Fortalecer o funcionamento dos conselhos nacionais de políticas públicas como espaço privilegiado de elaboração e avaliação.,202
"Institucionalizar os espaços de participação no âmbito da Administração Pública, com o aperfeiçoamento do acompanhamento, avaliação e publicização dos seus resultados.",202
"Consolidar o Conselho de Desenvolvimento Econômico e Social como canal de diálogo permanente entre o governo e a sociedade brasileira, aprofundando o debate sobre a agenda de desenvolvimento nacional.",202
Previdência,999
Manter a prioridade ao combate às fraudes e pagamentos indevidos.,304
"O censo previdenciário será concluído e institucionalizado, mantendo uma base de dados confiável,",303
estendendo essa ação aos trabalhadores rurais em regime de economia familiar.,703
"Avançar na melhoria do atendimento aos segurados, intensificando a utilização de canais remotos, visando acabar com as filas e ampliar o acesso aos benefícios e serviços da Previdência Social.",504
"Finalizar a criação da Super Receita, que unificará todo corpo de fiscalização, simplificando procedimentos, resultando em economia de tempo e precisão nas informações para o contribuinte, tornando mais eficiente o combate à evasão fiscal e reduzindo custos operacionais.",304
"Continuar a ampliação do acesso dos trabalhadores ao sistema previdenciário, por meio de iniciativas de redução da informalidade, inclusive com a aprovação de projeto de lei em tramitação no Congresso, que reduz as alíquotas de contribuição para contribuintes individuais.",504
"Regulamentar a previdência complementar de servidores públicos, instituída pela Reforma Previdenciária de 2003.",504
Justiça,999
"Dar continuidade à Reforma do Judiciário, aprovando alterações na legislação processual civil, penal e trabalhista.",303
"Aprofundar a reforma processual do Judiciário, criando um novo marco para as atividades da Justiça,",303
acelerando a finalização de processos e garantindo o cumprimento rápido das sentenças.,605
"Estimular a reforma administrativa para desburocratizar as atividades do Poder Judiciário, do Ministério Público, das Defensorias, Procuradorias e outros setores do sistema judicial.",303
"Consolidar o acesso à Justiça, através da ampliação e do fortalecimento das defensorias públicas.",605
"Incentivar a aplicação de soluções alternativas de conflitos, como a mediação e a conciliação,",605
"e práticas que aproximem a atividade de superação de litígios das comunidades e da população, como a justiça comunitária, a justiça restaurativa, e outras experiências.",603
"Estabelecer, junto com o Poder Judiciário, plano de metas para a expansão dos Juizados Especiais, órgãos eficazes e democráticos para a solução de conflitos de pouca complexidade.",202
Direitos humanos,999
"Aprofundar a transversalidade da política de direitos humanos nas diversas políticas setoriais, para promoção e garantia dos direitos civis, políticos, econômicos, sociais e culturais.",201
"Avançar na implementação, em articulação com as três esferas de governo e sociedade civil, das metas pactuadas nos Principais Planos, Comitês e Comissões Nacionais relativas aos direitos humanos.",201
"Prosseguir com os trabalhos sobre Direito à Verdade e à Memória e reparação oficial do Estado brasileiro aos mortos e desaparecidos políticos no Brasil,",305
articulando a troca de experiências e de informações em nível regional (MERCOSUL) e internacional.,107
"Ampliar a política de acesso à justiça, como exemplo do programa Balcões de Direitos,",201
"beneficiando comunidades remanescentes de quilombos, indígenas, assentamentos rurais, municípios de aliciamento de mão-de-obra escrava e periferias de grandes cidades.",503
"Manter atuação destacada do Brasil nos sistemas das Nações Unidas e Interamericano de Direitos Humanos, fortalecendo o espaço de articulação no MERCOSUL.",201
Reforçar a atuação do Brasil quanto ao tema da adoção internacional de crianças.,107
Prosseguir e ampliar as políticas de apoio aos brasileiros no exterior.,706
Defesa,999
Concluir o processo de institucionalização do Ministério da Defesa.,104
"Acelerar o processo de reaparelhamento das Forças Armadas, com atenção especial aos programas estratégicos.",104
"Reconstruir a indústria bélica nacional,",104
de forma articulada com os países da América do Sul.,107
"Dar continuidade às ações de vigilância e proteção do território nacional, sobretudo de regiões de fronteira,",104
por meio de instrumentos como o SIVAM-SIPAM e outros mecanismos de controle do crime organizado,605
e de grupos que atentam contra a integridade do território nacional.,104
Acentuar a cooperação internacional em missões de paz,106
e de intervenção no enfrentamento de catástrofes e de graves crises.,107
Saúde,999
"Fortalecer a gestão do SUS,",303
"pública e democrática, com controle social,",202
"como instrumento de identificação das necessidades da população, atendimento ao interesse público",504
e combate à corrupção.,304
Organizar as ações e serviços em rede nacional única e integrada de atenção à saúde.,302
"Universalizar o cartão SUS, que se constituirá no carro chefe da informatização do acesso e dos atendimentos.",303
"Assegurar a universalização do acesso às ações e serviços de atenção básica, por meio das equipes de saúde da família e das unidades básicas de saúde.",504
"Criar os Centros de Atendimentos Especializados de média complexidade, para assegurar o tratamento completo dos usuários do SUS.",504
"Estes Centros poderão realizar consultas especializadas, exames, serviços de reabilitação com fornecimento de órteses e próteses, pequenas urgências e cirurgias eletivas que não necessitam de hospitais ou pronto-socorros e distribuição de medicamentos excepcionais.",504
"Manter a prioridade ao Programa Brasil Sorridente, ampliando a rede de Centros de Especialidades Odontológicas do país.",504
"Criar o TELESAÚDE, permitindo que equipes de saúde de qualquer parte do país falem com centros de especialidades do SUS e dos Hospitais Universitários para discutir casos clínicos e demais procedimentos,",504
"aumentando a eficiência na gestão, evitando o transporte de pacientes e eliminando gastos desnecessários.",303
"Apoiar estados e municípios na criação das Centrais de Regulação, garantindo o acesso dos cidadãos, de forma mais rápida e humanizada, à rede hierarquizada de atenção integral à saúde.",504
"Ampliar o Sistema de Atendimento Móvel de Urgência – SAMU, estendendo, com o apoio das Forças Armadas, o atendimento em regiões de difícil acesso.",504
"Dar continuidade à implantação da Política Nacional de Assistência Farmacêutica, considerando os princípios de universalidade e da integralidade, priorizando o acesso aos medicamentos de alto custo.",504
"Ampliar a rede pública e conveniada do Programa Farmácia Popular do Brasil, com aumento do elenco de medicamentos, priorizando os de maior impacto nos custos e nos indicadores epidemiológicos.",504
"Fortalecer e ampliar as ações preventivas das doenças sexualmente transmissíveis e do HIV, ampliando o acesso aos preservativos e às ações educativas.",504
"Garantir o acesso aos anti-retrovirais, fortalecendo a capacidade nacional de produção desses medicamentos.",504
"Continuar as ações de modernização e ampliação da capacidade instalada e de produção dos Laboratórios Farmacêuticos Oficiais, para o suprimento do SUS.",504
Fomentar a pesquisa,411
"e o desenvolvimento tecnológico e industrial sustentável,",416
"para a auto-suficiência na produção de matéria prima, de hemoderivados, vacinas, medicamentos e equipamentos, e a melhoria de diagnósticos e tratamentos para a redução de agravos.",504
Desenvolvimento social,999
"Manter o Programa Bolsa-Família, primeira frente de combate à fome, pobreza e de enfrentamento à desigualdade social, no patamar já alcançado, especialmente quanto ao poder aquisitivo dos benefícios transferidos.",504
"Expandir a rede de serviços básicos para os beneficiários do Bolsa Família, em especial no campo do trabalho e da renda, através de programa interministerial que promova a auto-suficiência das famílias atendidas.",504
"Conferir ao Cadastro Único o papel de orientador na priorização da oferta de ações governamentais na saúde, educação, trabalho e renda, habitação, segurança alimentar e assistência social.",303
"Aprimorar os compromissos entre os entes federativos, visando consolidar o acesso efetivo das famílias a serviços que garantam a sua sustentabilidade básica.",303
"Consolidar o SUAS – Sistema Único de Assistência Social, expandindo territorialmente a presença do Estado junto às famílias em situação vulnerável, por meio da rede de Centros de Referência de Assistência Social (CRAS), articulada aos outros sistemas públicos.",504
"Expandir a rede de serviços sócio-assistenciais para enfrentar vulnerabilidades e reduzir os riscos inerentes ao ciclo de vida, em especial de crianças, adolescentes, jovens, idosos e pessoas com deficiência.",504
Segurança Alimentar,999
"O Fome Zero continuará avançando, aprimorando o Bolsa Família e as demais iniciativas que ampliam o acesso dos mais pobres à alimentação, como os programas de alimentação escolar, aquisição de alimentos, restaurantes populares, entre outros.",504
"O Fome Zero continuará articulando ações estruturantes, como a reforma agrária, a agricultura familiar,",703
os programas de geração de emprego e renda,701
e de educação alimentar.,504
"Implantar o SISAN (Sistema Nacional de Segurança Alimentar e Nutricional), democratizando o acesso à produção, à comercialização e ao consumo alimentar para as famílias brasileiras,",503
propiciando maior acesso a alimentos diversificados e baratos.,504
"Implantar uma Política Nacional de Abastecimento, que atue sobre as condições de produção e acesso a alimentos.",404
Mulheres,999
"Desenvolver ações afirmativas que permitam incluir as mulheres no processo de desenvolvimento do país, por meio da promoção da sua autonomia econômica",503
e de iniciativas produtivas que eliminem as diferenças salariais entre homens e mulheres.,503
"Prevenir a violência sexual e doméstica, fortalecendo a Política Nacional de Enfrentamento à Violência contra a Mulher, com ações que articulem prevenção",605
"e apoio às vítimas, em parceria com os estados e municípios.",605
"Implementar a Política Nacional de Atenção Integral à Saúde da Mulher, nos marcos do Programa de Assistência Integral à Saúde da Mulher (PAISM), contemplando as especificidades de raça/etnia, orientação sexual, idade e local de trabalho (rural ou urbano).",504
"Formular propostas de mudanças na legislação, para fiscalizar o cumprimento das leis que assegurem e ampliem os direitos da mulher.",503
Incentivar a participação das mulheres nos espaços de poder na sociedade e nas decisões das políticas públicas.,503
Igualdade Racial,999
"Articular as diversas políticas setoriais para promover ações afirmativas geradoras de igualdade racial,",503
"com destaque para a inclusão educacional, garantindo acesso e a permanência da criança negra na escola até a universidade.",607
Acelerar a implementação do Plano Nacional de Promoção da Igualdade Racial.,503
"Prosseguir garantindo reserva de bolsas do PROUNI para assegurar o acesso a estudantes das escolas públicas,",506
em especial afrodescentes e os indígenas.,607
"Garantir a aplicação da lei que determina o ensino da Historia da África nos níveis fundamental e médio, nas redes pública e privada.",607
"Promover ações combinadas entre as políticas de educação, cultura e geração de emprego e renda, visando incidir mais diretamente na qualidade de vida e no combate à violência racial.",503
"Acelerar as iniciativas do Programa Brasil Quilombola, de atendimento às demandas históricas e sociais dessas comunidades, em especial a de regularização fundiária.",607
Povos Indígenas,999
"Implementar o Conselho Nacional de Política Indigenista, com a função de propor diretrizes, instrumentos, normas e prioridades da política indigenista, garantindo ampla participação dos órgãos governamentais setoriais, organizações indígenas e não-indígenas.",607
"Concentrar esforços para avançar na regularização das terras indígenas, estabelecendo programas articulados de etnodesenvolvimento, em harmonia com os projetos de futuro de cada povo indígena.",607
"Assegurar o acesso de estudantes indígenas ao ensino superior, por meio do PROUNI e outros programas de permanência nas universidades públicas.",607
Infância e Adolescência,999
"Consolidar o Plano Nacional de Garantias e Proteção de Direitos para a Infância e a Adolescência, fortalecendo as políticas e programas existentes e potencializando seu caráter transversal.",201
"Universalizar os instrumentos de defesa de crianças e adolescentes em todos os municípios brasileiros, com padrões de ação adequados e qualificados.",504
Manter as prioridades de combate ao trabalho infantil,201
"e abuso e exploração sexual infanto-juvenil, garantindo a atenção integral das políticas setoriais.",201
"Efetivar o funcionamento de um sistema de informações, criando o Observatório Nacional dos Direitos da Criança e do Adolescente Brasileiros.",201
Política para a pessoa idosa,999
"Promover a inserção, a qualidade de vida e a prevenção de agravos na vida dos idosos, por meio de programas que fortaleçam o convívio familiar e comunitário,",701
"garantindo-se o acesso a serviços,",504
"ao lazer, à cultura e à atividade física, de acordo com sua capacidade funcional.",502
Desenvolver a formação de pessoal especializado na atenção ao idoso.,701
"Desenvolver política de humanização do atendimento ao idoso, principalmente em instituições de longa permanência.",701
"Garantir o atendimento integral do idoso, valendo-se, dentre outros serviços, do Programa de Saúde da Família.",504
Pessoas com deficiência,999
"Articular as três esferas de governo e sociedade civil para o cumprimento da legislação de acessibilidade das pessoas com deficiência ou mobilidade reduzida, elaborando as regulamentações complementares.",705
Dar continuidade ao Programa de Educação Inclusiva.,506
"Consolidar a Atenção Integral à Saúde das Pessoas com Deficiência, prevenindo e executando intervenções básicas de reabilitação.",504
"Promover o reordenamento dos serviços previstos no Sistema Único de Assistência Social,",504
garantindo o acesso das pessoas com deficiência em situação de vulnerabilidade.,503
Cidadania GLBT,999
"Desenvolver e aprofundar as ações de combate à discriminação e promoção da cidadania GLBT (gays, lésbicas, bissexuais, travestis e transexuais), nos marcos do programa Brasil sem Homo fobia, que será ampliado e fortalecido.",503
"Desenvolver políticas afirmativas e de promoção de uma cultura de respeito à diversidade sexual, favorecendo a visibilidade e o reconhecimento social.",603
"Incentivar a participação, realizando a I Conferência Nacional de Políticas para os GLBT.",603
Juventude,999
"Fortalecer a Secretaria Nacional de Juventude, implementando o Sistema Nacional de Políticas para a Juventude.",706
"Ampliar e consolidar as políticas de juventude, articulando e integrando as ações.",706
Fortalecer o PROUNI e os programas de escolarização e profissionalização dos jovens no ensino médio.,506
Ampliar o enfoque juvenil no atendimento do Sistema Único de Saúde.,706
"Ampliar, em parceria com estados e municípios, a rede de Pontos de Cultura e Casa Brasil em localidades desprovidas de equipamentos públicos de cultura e inclusão digital.",502
Essa parceira deverá estender-se aos equipamentos de esporte e lazer.,502
Esporte,999
Implementar o Sistema Nacional de Esporte e Lazer.,502
"Consolidar e ampliar iniciativas de inclusão social, como os programas Segundo Tempo e Esporte e Lazer da Cidade.",502
"Articular programas de esporte e lazer com iniciativas de promoção da saúde, promovendo parcerias com estados e municípios.",502
"Apoiar, no Congresso Nacional, a aprovação da Lei de Incentivo ao Esporte.",502
"Manter o apoio à realização de grandes eventos esportivos nacionais e internacionais, com destaque para os Jogos Panamericanos e Para-Panamericanos de 2007, além de postular o direito de sediar a Copa do Mundo de Futebol 2014.",502
Comissão de Programa de Governo Marco Aurélio Garcia (coordenador),999
Dilermando Toni,999
Glauber Piva,999
Juarez Guimarães,999
Miriam Belchior,999
Renato Rabello,999
Valter Pomar,999
Equipe de Trabalho Bruno Gaspar e Cilene Antoniolli Coordenação de Campanha Ricardo Berzoini (coordenador),999
Gléber Naime,999
João Felício,999
Joqauim Soriano,999
Marco Aurélio Garcia,999
Paulo Ferreira,999
Renato Rabello,999
Romênio Pereira,999
Valter Pomar,999
Walter Sorrentino,999
